Run,Assay Type,AvgSpotLen,Bases,BioProject,BioSample,Bytes,Center Name,Consent,DATASTORE filetype,DATASTORE provider,DATASTORE region,Experiment,Instrument,Library Name,LibraryLayout,LibrarySelection,LibrarySource,molecule_subtype,Organism,Platform,ReleaseDate,create_date,version,Sample Name,source_name,SRA Study,strain,tissue/cell_type,treatment,AGE
SRR18338966,RNA-Seq,152,9151055880,PRJNA816836,SAMN26723719,3685293737,"HYNEK WICHTERLE, PATHOLOGY AND CELL BIOLOGY, COLUMBIA UNIVERSITY",public,"fastq,sra,run.zq","ncbi,s3,gs","ncbi.public,s3.us-east-1,gs.us-east1",SRX14475082,NextSeq 500,GSM5956499,PAIRED,cDNA,TRANSCRIPTOMIC,nuclear RNA,Mus musculus,ILLUMINA,2022-08-02T00:00:00Z,2022-03-20T08:58:00Z,1,GSM5956499,mouse spinal cords,SRP364346,C57BL/6- Chat-Cre; SUN1-GFP-3xMYC,mouse spinal cords,none,2yr
SRR18338967,RNA-Seq,152,3755989008,PRJNA816836,SAMN26723720,1398462527,"HYNEK WICHTERLE, PATHOLOGY AND CELL BIOLOGY, COLUMBIA UNIVERSITY",public,"sra,fastq,run.zq","ncbi,s3,gs","ncbi.public,s3.us-east-1,gs.us-east1",SRX14475081,NextSeq 500,GSM5956498,PAIRED,cDNA,TRANSCRIPTOMIC,nuclear RNA,Mus musculus,ILLUMINA,2022-08-02T00:00:00Z,2022-03-18T20:40:00Z,1,GSM5956498,mouse spinal cords,SRP364346,C57BL/6- Chat-Cre; SUN1-GFP-3xMYC,mouse spinal cords,none,2yr
SRR18338968,RNA-Seq,152,4690058648,PRJNA816836,SAMN26723721,1873050595,"HYNEK WICHTERLE, PATHOLOGY AND CELL BIOLOGY, COLUMBIA UNIVERSITY",public,"run.zq,fastq,sra","s3,gs,ncbi","s3.us-east-1,gs.us-east1,ncbi.public",SRX14475080,NextSeq 500,GSM5956497,PAIRED,cDNA,TRANSCRIPTOMIC,nuclear RNA,Mus musculus,ILLUMINA,2022-08-02T00:00:00Z,2022-03-18T20:50:00Z,1,GSM5956497,mouse spinal cords,SRP364346,C57BL/6- Chat-Cre; SUN1-GFP-3xMYC,mouse spinal cords,none,P56
SRR18338969,RNA-Seq,152,4661554848,PRJNA816836,SAMN26723722,1862222604,"HYNEK WICHTERLE, PATHOLOGY AND CELL BIOLOGY, COLUMBIA UNIVERSITY",public,"run.zq,fastq,sra","s3,ncbi,gs","s3.us-east-1,gs.us-east1,ncbi.public",SRX14475079,NextSeq 500,GSM5956496,PAIRED,cDNA,TRANSCRIPTOMIC,nuclear RNA,Mus musculus,ILLUMINA,2022-08-02T00:00:00Z,2022-03-18T21:30:00Z,1,GSM5956496,mouse spinal cords,SRP364346,C57BL/6- Chat-Cre; SUN1-GFP-3xMYC,mouse spinal cords,none,P56
SRR18338970,RNA-Seq,152,4687961048,PRJNA816836,SAMN26723723,1877626219,"HYNEK WICHTERLE, PATHOLOGY AND CELL BIOLOGY, COLUMBIA UNIVERSITY",public,"fastq,run.zq,sra","ncbi,s3,gs","gs.us-east1,ncbi.public,s3.us-east-1",SRX14475078,NextSeq 500,GSM5956495,PAIRED,cDNA,TRANSCRIPTOMIC,nuclear RNA,Mus musculus,ILLUMINA,2022-08-02T00:00:00Z,2022-03-18T21:30:00Z,1,GSM5956495,mouse spinal cords,SRP364346,C57BL/6- Chat-Cre; SUN1-GFP-3xMYC,mouse spinal cords,none,P56
SRR18338971,RNA-Seq,152,4678703336,PRJNA816836,SAMN26723724,1870939906,"HYNEK WICHTERLE, PATHOLOGY AND CELL BIOLOGY, COLUMBIA UNIVERSITY",public,"run.zq,sra,fastq","s3,ncbi,gs","ncbi.public,s3.us-east-1,gs.us-east1",SRX14475077,NextSeq 500,GSM5956494,PAIRED,cDNA,TRANSCRIPTOMIC,nuclear RNA,Mus musculus,ILLUMINA,2022-08-02T00:00:00Z,2022-03-18T20:51:00Z,1,GSM5956494,mouse spinal cords,SRP364346,C57BL/6- Chat-Cre; SUN1-GFP-3xMYC,mouse spinal cords,none,P21
SRR18338972,RNA-Seq,152,4838471296,PRJNA816836,SAMN26723725,1934469806,"HYNEK WICHTERLE, PATHOLOGY AND CELL BIOLOGY, COLUMBIA UNIVERSITY",public,"fastq,sra,run.zq","gs,s3,ncbi","gs.us-east1,ncbi.public,s3.us-east-1",SRX14475076,NextSeq 500,GSM5956493,PAIRED,cDNA,TRANSCRIPTOMIC,nuclear RNA,Mus musculus,ILLUMINA,2022-08-02T00:00:00Z,2022-03-23T05:27:00Z,1,GSM5956493,mouse spinal cords,SRP364346,C57BL/6- Chat-Cre; SUN1-GFP-3xMYC,mouse spinal cords,none,P21
SRR18338973,RNA-Seq,152,4871126368,PRJNA816836,SAMN26723726,1983883595,"HYNEK WICHTERLE, PATHOLOGY AND CELL BIOLOGY, COLUMBIA UNIVERSITY",public,"sra,fastq,run.zq","gs,ncbi,s3","gs.us-east1,ncbi.public,s3.us-east-1",SRX14475075,NextSeq 500,GSM5956492,PAIRED,cDNA,TRANSCRIPTOMIC,nuclear RNA,Mus musculus,ILLUMINA,2022-08-02T00:00:00Z,2022-03-18T21:38:00Z,1,GSM5956492,mouse spinal cords,SRP364346,C57BL/6- Chat-Cre; SUN1-GFP-3xMYC,mouse spinal cords,none,P21
SRR18338974,RNA-Seq,152,5890537320,PRJNA816836,SAMN26723727,2178099159,"HYNEK WICHTERLE, PATHOLOGY AND CELL BIOLOGY, COLUMBIA UNIVERSITY",public,"sra,fastq,run.zq","gs,ncbi,s3","gs.us-east1,ncbi.public,s3.us-east-1",SRX14475074,NextSeq 500,GSM5956491,PAIRED,cDNA,TRANSCRIPTOMIC,nuclear RNA,Mus musculus,ILLUMINA,2022-08-02T00:00:00Z,2022-03-18T21:26:00Z,1,GSM5956491,mouse spinal cords,SRP364346,C57BL/6- Chat-Cre; SUN1-GFP-3xMYC,mouse spinal cords,none,P13
SRR18338975,RNA-Seq,152,10860623136,PRJNA816836,SAMN26723728,4116287485,"HYNEK WICHTERLE, PATHOLOGY AND CELL BIOLOGY, COLUMBIA UNIVERSITY",public,"sra,fastq,run.zq","gs,s3,ncbi","s3.us-east-1,ncbi.public,gs.us-east1",SRX14475073,NextSeq 500,GSM5956490,PAIRED,cDNA,TRANSCRIPTOMIC,nuclear RNA,Mus musculus,ILLUMINA,2022-08-02T00:00:00Z,2022-03-19T02:30:00Z,1,GSM5956490,mouse spinal cords,SRP364346,C57BL/6- Chat-Cre; SUN1-GFP-3xMYC,mouse spinal cords,none,P13
SRR18338976,RNA-Seq,152,4394805944,PRJNA816836,SAMN26723729,1758442945,"HYNEK WICHTERLE, PATHOLOGY AND CELL BIOLOGY, COLUMBIA UNIVERSITY",public,"sra,run.zq,fastq","ncbi,gs,s3","gs.us-east1,s3.us-east-1,ncbi.public",SRX14475072,NextSeq 500,GSM5956489,PAIRED,cDNA,TRANSCRIPTOMIC,nuclear RNA,Mus musculus,ILLUMINA,2022-08-02T00:00:00Z,2022-03-18T20:34:00Z,1,GSM5956489,mouse spinal cords,SRP364346,C57BL/6- Chat-Cre; SUN1-GFP-3xMYC,mouse spinal cords,none,P4
SRR18338977,RNA-Seq,152,5244642048,PRJNA816836,SAMN26723730,2100188780,"HYNEK WICHTERLE, PATHOLOGY AND CELL BIOLOGY, COLUMBIA UNIVERSITY",public,"fastq,run.zq,sra","gs,s3,ncbi","gs.us-east1,ncbi.public,s3.us-east-1",SRX14475071,NextSeq 500,GSM5956488,PAIRED,cDNA,TRANSCRIPTOMIC,nuclear RNA,Mus musculus,ILLUMINA,2022-08-02T00:00:00Z,2022-03-19T01:01:00Z,1,GSM5956488,mouse spinal cords,SRP364346,C57BL/6- Chat-Cre; SUN1-GFP-3xMYC,mouse spinal cords,none,P4
SRR18338978,RNA-Seq,152,4610783808,PRJNA816836,SAMN26723731,1864920556,"HYNEK WICHTERLE, PATHOLOGY AND CELL BIOLOGY, COLUMBIA UNIVERSITY",public,"sra,fastq,run.zq","gs,ncbi,s3","gs.us-east1,s3.us-east-1,ncbi.public",SRX14475070,NextSeq 500,GSM5956487,PAIRED,cDNA,TRANSCRIPTOMIC,nuclear RNA,Mus musculus,ILLUMINA,2022-08-02T00:00:00Z,2022-03-18T20:33:00Z,1,GSM5956487,mouse spinal cords,SRP364346,C57BL/6- Chat-Cre; SUN1-GFP-3xMYC,mouse spinal cords,none,P4
SRR18338979,RNA-Seq,152,5563033104,PRJNA816836,SAMN26723732,2177189281,"HYNEK WICHTERLE, PATHOLOGY AND CELL BIOLOGY, COLUMBIA UNIVERSITY",public,"fastq,sra,run.zq","gs,ncbi,s3","ncbi.public,gs.us-east1,s3.us-east-1",SRX14475069,NextSeq 500,GSM5956486,PAIRED,cDNA,TRANSCRIPTOMIC,nuclear RNA,Mus musculus,ILLUMINA,2022-08-02T00:00:00Z,2022-03-18T22:24:00Z,1,GSM5956486,mouse spinal cords,SRP364346,C57BL/6- Chat-Cre; SUN1-GFP-3xMYC,mouse spinal cords,none,E13.5
SRR18338980,RNA-Seq,152,2828130696,PRJNA816836,SAMN26723733,1063652565,"HYNEK WICHTERLE, PATHOLOGY AND CELL BIOLOGY, COLUMBIA UNIVERSITY",public,"fastq,sra,run.zq","gs,s3,ncbi","ncbi.public,gs.us-east1,s3.us-east-1",SRX14475068,NextSeq 500,GSM5956485,PAIRED,cDNA,TRANSCRIPTOMIC,nuclear RNA,Mus musculus,ILLUMINA,2022-08-02T00:00:00Z,2022-03-18T22:41:00Z,1,GSM5956485,mouse spinal cords,SRP364346,C57BL/6- Chat-Cre; SUN1-GFP-3xMYC,mouse spinal cords,none,E13.5
SRR18338981,RNA-Seq,152,1806962624,PRJNA816836,SAMN26723734,697673267,"HYNEK WICHTERLE, PATHOLOGY AND CELL BIOLOGY, COLUMBIA UNIVERSITY",public,"sra,fastq,run.zq","gs,ncbi,s3","s3.us-east-1,gs.us-east1,ncbi.public",SRX14475067,NextSeq 500,GSM5956484,PAIRED,cDNA,TRANSCRIPTOMIC,whole cell RNA,Mus musculus,ILLUMINA,2022-08-02T00:00:00Z,2022-03-18T20:41:00Z,1,GSM5956484,mouse spinal cords,SRP364346,C57BL/6- HB9-GFP,mouse spinal cords,none,E10.5
SRR18338982,RNA-Seq,152,2467604784,PRJNA816836,SAMN26723735,950555177,"HYNEK WICHTERLE, PATHOLOGY AND CELL BIOLOGY, COLUMBIA UNIVERSITY",public,"run.zq,fastq,sra","ncbi,gs,s3","s3.us-east-1,ncbi.public,gs.us-east1",SRX14475066,NextSeq 500,GSM5956483,PAIRED,cDNA,TRANSCRIPTOMIC,whole cell RNA,Mus musculus,ILLUMINA,2022-08-02T00:00:00Z,2022-03-18T23:41:00Z,1,GSM5956483,mouse spinal cords,SRP364346,C57BL/6- HB9-GFP,mouse spinal cords,none,E10.5
SRR18338983,RNA-Seq,152,1961741032,PRJNA816836,SAMN26723736,751961064,"HYNEK WICHTERLE, PATHOLOGY AND CELL BIOLOGY, COLUMBIA UNIVERSITY",public,"run.zq,sra,fastq","gs,ncbi,s3","s3.us-east-1,gs.us-east1,ncbi.public",SRX14475065,NextSeq 500,GSM5956482,PAIRED,cDNA,TRANSCRIPTOMIC,whole cell RNA,Mus musculus,ILLUMINA,2022-08-02T00:00:00Z,2022-03-18T23:37:00Z,1,GSM5956482,mouse spinal cords,SRP364346,C57BL/6- HB9-GFP,mouse spinal cords,none,E10.5
SRR18338984,ATAC-seq,84,5925360084,PRJNA816836,SAMN26723737,2726972218,"HYNEK WICHTERLE, PATHOLOGY AND CELL BIOLOGY, COLUMBIA UNIVERSITY",public,"run.zq,sra,fastq","gs,ncbi,s3","s3.us-east-1,gs.us-east1,ncbi.public",SRX14475064,NextSeq 500,GSM5956481,PAIRED,other,GENOMIC,Tn5 Tagemented DNA,Mus musculus,ILLUMINA,2022-08-02T00:00:00Z,2022-03-19T06:39:00Z,1,GSM5956481,mouse spinal cords,SRP364346,C57BL/6- Chat-Cre; SUN1-GFP-3xMYC,mouse spinal cords,none,2yr
SRR18338985,ATAC-seq,84,5019064764,PRJNA816836,SAMN26723738,2318596143,"HYNEK WICHTERLE, PATHOLOGY AND CELL BIOLOGY, COLUMBIA UNIVERSITY",public,"run.zq,fastq,sra","ncbi,s3,gs","gs.us-east1,ncbi.public,s3.us-east-1",SRX14475063,NextSeq 500,GSM5956480,PAIRED,other,GENOMIC,Tn5 Tagemented DNA,Mus musculus,ILLUMINA,2022-08-02T00:00:00Z,2022-03-18T22:56:00Z,1,GSM5956480,mouse spinal cords,SRP364346,C57BL/6- Chat-Cre; SUN1-GFP-3xMYC,mouse spinal cords,none,2yr
SRR18338986,ATAC-seq,84,3602956896,PRJNA816836,SAMN26723739,1660172274,"HYNEK WICHTERLE, PATHOLOGY AND CELL BIOLOGY, COLUMBIA UNIVERSITY",public,"sra,run.zq,fastq","gs,ncbi,s3","gs.us-east1,s3.us-east-1,ncbi.public",SRX14475062,NextSeq 500,GSM5956479,PAIRED,other,GENOMIC,Tn5 Tagemented DNA,Mus musculus,ILLUMINA,2022-08-02T00:00:00Z,2022-03-18T21:07:00Z,1,GSM5956479,mouse spinal cords,SRP364346,C57BL/6- Chat-Cre; SUN1-GFP-3xMYC,mouse spinal cords,none,P56
SRR18338987,ATAC-seq,84,1737448524,PRJNA816836,SAMN26723740,801419721,"HYNEK WICHTERLE, PATHOLOGY AND CELL BIOLOGY, COLUMBIA UNIVERSITY",public,"sra,run.zq,fastq","ncbi,s3,gs","s3.us-east-1,gs.us-east1,ncbi.public",SRX14475061,NextSeq 500,GSM5956478,PAIRED,other,GENOMIC,Tn5 Tagemented DNA,Mus musculus,ILLUMINA,2022-08-02T00:00:00Z,2022-03-18T20:47:00Z,1,GSM5956478,mouse spinal cords,SRP364346,C57BL/6- Chat-Cre; SUN1-GFP-3xMYC,mouse spinal cords,none,P56
SRR18338988,ATAC-seq,84,7585100628,PRJNA816836,SAMN26723741,3485269177,"HYNEK WICHTERLE, PATHOLOGY AND CELL BIOLOGY, COLUMBIA UNIVERSITY",public,"fastq,run.zq,sra","ncbi,s3,gs","s3.us-east-1,gs.us-east1,ncbi.public",SRX14475060,NextSeq 500,GSM5956477,PAIRED,other,GENOMIC,Tn5 Tagemented DNA,Mus musculus,ILLUMINA,2022-08-02T00:00:00Z,2022-03-18T21:40:00Z,1,GSM5956477,mouse spinal cords,SRP364346,C57BL/6- Chat-Cre; SUN1-GFP-3xMYC,mouse spinal cords,none,P21
SRR18338989,ATAC-seq,84,5040060060,PRJNA816836,SAMN26723742,2324290875,"HYNEK WICHTERLE, PATHOLOGY AND CELL BIOLOGY, COLUMBIA UNIVERSITY",public,"sra,fastq,run.zq","gs,s3,ncbi","gs.us-east1,ncbi.public,s3.us-east-1",SRX14475059,NextSeq 500,GSM5956476,PAIRED,other,GENOMIC,Tn5 Tagemented DNA,Mus musculus,ILLUMINA,2022-08-02T00:00:00Z,2022-03-23T02:39:00Z,1,GSM5956476,mouse spinal cords,SRP364346,C57BL/6- Chat-Cre; SUN1-GFP-3xMYC,mouse spinal cords,none,P21
SRR18338990,ATAC-seq,84,8798582352,PRJNA816836,SAMN26723743,3771825695,"HYNEK WICHTERLE, PATHOLOGY AND CELL BIOLOGY, COLUMBIA UNIVERSITY",public,"run.zq,sra,fastq","gs,s3,ncbi","gs.us-east1,ncbi.public,s3.us-east-1",SRX14475058,NextSeq 500,GSM5956475,PAIRED,other,GENOMIC,Tn5 Tagemented DNA,Mus musculus,ILLUMINA,2022-08-02T00:00:00Z,2022-03-19T08:06:00Z,1,GSM5956475,mouse spinal cords,SRP364346,C57BL/6- Chat-Cre; SUN1-GFP-3xMYC,mouse spinal cords,none,P13
SRR18338991,ATAC-seq,84,7737551892,PRJNA816836,SAMN26723744,3325303146,"HYNEK WICHTERLE, PATHOLOGY AND CELL BIOLOGY, COLUMBIA UNIVERSITY",public,"run.zq,sra,fastq","gs,ncbi,s3","ncbi.public,s3.us-east-1,gs.us-east1",SRX14475057,NextSeq 500,GSM5956474,PAIRED,other,GENOMIC,Tn5 Tagemented DNA,Mus musculus,ILLUMINA,2022-08-02T00:00:00Z,2022-03-18T20:58:00Z,1,GSM5956474,mouse spinal cords,SRP364346,C57BL/6- Chat-Cre; SUN1-GFP-3xMYC,mouse spinal cords,none,P13
SRR18338992,ATAC-seq,84,2256047388,PRJNA816836,SAMN26723745,865344938,"HYNEK WICHTERLE, PATHOLOGY AND CELL BIOLOGY, COLUMBIA UNIVERSITY",public,"sra,run.zq,fastq","gs,s3,ncbi","gs.us-east1,ncbi.public,s3.us-east-1",SRX14475056,NextSeq 500,GSM5956473,PAIRED,other,GENOMIC,Tn5 Tagemented DNA,Mus musculus,ILLUMINA,2022-08-02T00:00:00Z,2022-03-18T20:53:00Z,1,GSM5956473,mouse spinal cords,SRP364346,C57BL/6- Chat-Cre; SUN1-GFP-3xMYC,mouse spinal cords,none,P4
SRR18338993,ATAC-seq,84,3094998228,PRJNA816836,SAMN26723746,1185535919,"HYNEK WICHTERLE, PATHOLOGY AND CELL BIOLOGY, COLUMBIA UNIVERSITY",public,"fastq,sra,run.zq","ncbi,s3,gs","ncbi.public,gs.us-east1,s3.us-east-1",SRX14475055,NextSeq 500,GSM5956472,PAIRED,other,GENOMIC,Tn5 Tagemented DNA,Mus musculus,ILLUMINA,2022-08-02T00:00:00Z,2022-03-18T20:44:00Z,1,GSM5956472,mouse spinal cords,SRP364346,C57BL/6- Chat-Cre; SUN1-GFP-3xMYC,mouse spinal cords,none,P4
SRR18338994,ATAC-seq,84,7188496308,PRJNA816836,SAMN26723747,3089232342,"HYNEK WICHTERLE, PATHOLOGY AND CELL BIOLOGY, COLUMBIA UNIVERSITY",public,"fastq,run.zq,sra","ncbi,s3,gs","ncbi.public,gs.us-east1,s3.us-east-1",SRX14475054,NextSeq 500,GSM5956471,PAIRED,other,GENOMIC,Tn5 Tagemented DNA,Mus musculus,ILLUMINA,2022-08-02T00:00:00Z,2022-03-18T20:50:00Z,1,GSM5956471,mouse spinal cords,SRP364346,C57BL/6- Chat-Cre; SUN1-GFP-3xMYC,mouse spinal cords,none,E13.5
SRR18338995,ATAC-seq,84,4472413008,PRJNA816836,SAMN26723748,1946146449,"HYNEK WICHTERLE, PATHOLOGY AND CELL BIOLOGY, COLUMBIA UNIVERSITY",public,"fastq,sra,run.zq","gs,s3,ncbi","ncbi.public,gs.us-east1,s3.us-east-1",SRX14475053,NextSeq 500,GSM5956470,PAIRED,other,GENOMIC,Tn5 Tagemented DNA,Mus musculus,ILLUMINA,2022-08-02T00:00:00Z,2022-03-18T21:03:00Z,1,GSM5956470,mouse spinal cords,SRP364346,C57BL/6- Chat-Cre; SUN1-GFP-3xMYC,mouse spinal cords,none,E13.5
SRR18338996,ATAC-seq,84,4714702440,PRJNA816836,SAMN26723749,2190781386,"HYNEK WICHTERLE, PATHOLOGY AND CELL BIOLOGY, COLUMBIA UNIVERSITY",public,"sra,run.zq,fastq","s3,gs,ncbi","ncbi.public,s3.us-east-1,gs.us-east1",SRX14475052,NextSeq 500,GSM5956469,PAIRED,other,GENOMIC,Tn5 Tagemented DNA,Mus musculus,ILLUMINA,2022-08-02T00:00:00Z,2022-03-18T20:47:00Z,1,GSM5956469,mouse spinal cords,SRP364346,C57BL/6- HB9-GFP,mouse spinal cords,none,E10.5
SRR18338997,ATAC-seq,84,4088288652,PRJNA816836,SAMN26723750,1918287670,"HYNEK WICHTERLE, PATHOLOGY AND CELL BIOLOGY, COLUMBIA UNIVERSITY",public,"run.zq,fastq,sra","gs,ncbi,s3","s3.us-east-1,gs.us-east1,ncbi.public",SRX14475051,NextSeq 500,GSM5956468,PAIRED,other,GENOMIC,Tn5 Tagemented DNA,Mus musculus,ILLUMINA,2022-08-02T00:00:00Z,2022-03-18T20:47:00Z,1,GSM5956468,mouse spinal cords,SRP364346,C57BL/6- HB9-GFP,mouse spinal cords,none,E10.5
